label,rmse,rmse_clim,skill,corr,bias,n
Ridge+GBR | all | clim=60%,11.28183995430959,11.484905413049841,0.017681073673407544,0.8626739876772378,0.010092804558269108,222
Ridge+RF+GBR+XGB | all | clim=60%,11.386838759524881,11.484905413049841,0.00853874281050071,0.8620089886574266,0.014285617467155731,222
ElasticNet | all | clim=60%,11.411812812157674,11.484905413049841,0.006364231855938041,0.8493457987455505,-0.10502359723025378,222
Ridge(alpha=10) | all | clim=60%,11.458753207691828,11.484905413049841,0.0022770936648983664,0.8464567638391235,-0.11570401804508634,222
Ridge+RF+GBR | all | clim=60%,11.474381411588896,11.484905413049841,0.0009163333159877274,0.8610315343703736,0.05951127636777542,222
Ridge(alpha=50) | all | clim=60%,11.542671328845016,11.484905413049841,-0.005029724992731577,0.8506369517302874,-0.049096835280288076,222
Ridge+GBR | all | clim=50%,11.582134898492754,11.484905413049841,-0.008465849908736223,0.8588627509395054,0.012616005697836385,222
BayesRidge | all | clim=60%,11.608220936468518,11.484905413049841,-0.010737182326165051,0.8492169911198089,-0.04732320430007064,222
ensemble | all | clim=60%,11.6649396459066,11.484905413049841,-0.015675726214705588,0.8579629649166343,-0.5172486292736629,222
Ridge+BayesRidge | all | clim=60%,11.675079551650594,11.484905413049841,-0.016558616006072224,0.8491860416867991,-0.037107658718184666,222
Ridge+RF+GBR+XGB | all | clim=50%,11.69102166900445,11.484905413049841,-0.01794670905346818,0.8598530803774059,0.01785702183395088,222
Ridge+RF+GBR+XGB | core8 | clim=60%,11.712823289829709,11.484905413049841,-0.019844993805599342,0.8612745734886327,0.0745721686710894,222
Ridge(alpha=100) | all | clim=60%,11.755308639821937,11.484905413049841,-0.023544227579344934,0.8487162503883511,-0.026892113136291584,222
Ridge+RF | all | clim=60%,11.765084734143247,11.484905413049841,-0.024395440015992698,0.8556528033668289,0.06572805342525356,222
Ridge+RF+GBR | all | clim=50%,11.810467289632022,11.484905413049841,-0.028346935814748564,0.8585674383155696,0.0743890954597255,222
Ridge+RF+GBR | core8 | clim=60%,11.84240994311339,11.484905413049841,-0.031128208479395125,0.8626339839049166,0.07861376490216898,222
Ridge+GBR | core8 | clim=60%,11.890390457780851,11.484905413049841,-0.03530591068432076,0.8616150807298082,0.05792030580374785,222
Ridge+RF+GBR+XGB | core6 | clim=60%,11.901587919064651,11.484905413049841,-0.036280882691585026,0.8537176091789718,0.08497498712266705,222
ElasticNet | all | clim=50%,11.95735452158485,11.484905413049841,-0.041136525860995254,0.8310096138075052,-0.13127949653781457,222
Ridge+GBR | all | clim=40%,12.009182871419972,11.484905413049841,-0.04564926218499066,0.8488931929523609,0.015139206837403663,222
Ridge(alpha=200) | all | clim=60%,12.03090260763391,11.484905413049841,-0.047540417177809324,0.8460418525694674,-0.01070111424338549,222
Ridge(alpha=50) | all | clim=50%,12.041736434617965,11.484905413049841,-0.04848372725259176,0.83579106444248,-0.061371044100354766,222
Ridge(alpha=10) | all | clim=50%,12.047120441488708,11.484905413049841,-0.0489525170838625,0.8261916879481279,-0.1446300225563597,222
ensemble | all | clim=50%,12.066837549626902,11.484905413049841,-0.05066930163097694,0.854475473436252,-0.6465607865920795,222
Ridge+RF+GBR | core6 | clim=60%,12.067178673816034,11.484905413049841,-0.05069900358992774,0.8533745663744805,0.0631486919832085,222
ensemble | core8 | clim=60%,12.084212039838636,11.484905413049841,-0.0521821125411992,0.8597109781460979,-0.35577648538102835,222
Ridge+RF+GBR+XGB | all | clim=40%,12.113303852700907,11.484905413049841,-0.054715160208201885,0.852268600924622,0.02142842620073182,222
BayesRidge | all | clim=50%,12.116574682769288,11.484905413049841,-0.05499995402676161,0.8342235169650182,-0.05915400537508475,222
Ridge+GBR | core6 | clim=60%,12.153820482796235,11.484905413049841,-0.058242975948790354,0.8501682700843723,0.0316023588019263,222
Ridge+RF | core8 | clim=60%,12.16540026654029,11.484905413049841,-0.05925123708178126,0.8640463849707463,0.05226239768142804,222
Ridge+BayesRidge | all | clim=50%,12.186394901401224,11.484905413049841,-0.06107925691354055,0.8349704525032191,-0.04638457339772728,222
Ridge+RF+GBR+XGB | core8 | clim=50%,12.206373981782335,11.484905413049841,-0.06281885159565337,0.8554022292920983,0.09321521083886353,222
Ridge+RF | all | clim=50%,12.208656659480058,11.484905413049841,-0.06301760618836671,0.8506213175255783,0.08216006678156873,222
Ridge+KNN | all | clim=60%,12.23454752250117,11.484905413049841,-0.06527194456469276,0.8440295649631244,-1.4845036762827064,222
Ridge+GBR | all | clim=35%,12.266256299209804,11.484905413049841,-0.06803285338964526,0.8412282037116431,0.0164008074071873,222
Ridge+RF+GBR | all | clim=40%,12.266511007840334,11.484905413049841,-0.0680550310760406,0.8504297287278656,0.08926691455166846,222
Ridge(alpha=100) | all | clim=50%,12.276396778467017,11.484905413049841,-0.0689157931172717,0.8350689617353113,-0.033615141420362704,222
ensemble | core6 | clim=60%,12.322365831097422,11.484905413049841,-0.07291835569633931,0.8495934949686568,-0.23921552650476485,222
Ridge+RF+GBR+XGB | all | clim=35%,12.365083741997152,11.484905413049841,-0.07663783873632957,0.8459962621068795,0.023214128384129395,222
Ridge(alpha=10) | core8 | clim=60%,12.375153861060117,11.484905413049841,-0.07751465214495568,0.8487583923444223,-0.02065023010805689,222
Ridge+RF+GBR | core8 | clim=50%,12.378423489318507,11.484905413049841,-0.0777993413209479,0.8583502790346199,0.09826720612771211,222
ElasticNet | core8 | clim=60%,12.388061008040548,11.484905413049841,-0.07863848786812722,0.8501454969094313,-0.014450559991004752,222
Ridge(alpha=500) | all | clim=60%,12.40573396023268,11.484905413049841,-0.08017728610429287,0.8445836847351611,0.00364357159656592,222
Ridge+RF | core6 | clim=60%,12.4270627821872,11.484905413049841,-0.08203440387648486,0.8525254187030605,0.0716232339316285,222
Ridge+RF+GBR+XGB | core6 | clim=50%,12.433767798604618,11.484905413049841,-0.08261821507703693,0.845305174300855,0.10621873390333647,222
Ridge+GBR | core8 | clim=50%,12.458643945371179,11.484905413049841,-0.08478420128866859,0.8556949308015761,0.07240038225467771,222
Ridge+RF+GBR | all | clim=35%,12.53556089153569,11.484905413049841,-0.09148142197949927,0.8437249389284501,0.0967058240976364,222
Ridge+GBR | all | clim=30%,12.550051237011962,11.484905413049841,-0.09274310807573904,0.8316072439651049,0.01766240797697094,222
Ridge(alpha=50) | core8 | clim=60%,12.555670443525043,11.484905413049841,-0.09323237693002984,0.85536685110008,-0.018897801898958733,222
ensemble | all | clim=40%,12.59145123083557,11.484905413049841,-0.09634783901035915,0.844829436074661,-0.7758729439105032,222
BayesRidge | core8 | clim=60%,12.596213372032517,11.484905413049841,-0.09676248249462649,0.8535748442649653,-0.03528217005807477,222
Ridge(alpha=200) | all | clim=50%,12.604126021590176,11.484905413049841,-0.09745144328908517,0.8334303725941082,-0.01337639280423275,222
Ridge+RF+GBR+XGB | all | clim=30%,12.641856059281778,11.484905413049841,-0.10073662817608753,0.8378349094993099,0.024999830567523418,222
Ridge+RF+GBR | core6 | clim=50%,12.649768269911464,11.484905413049841,-0.10142555075273285,0.845779675702245,0.0789358649790124,222
Ridge+BayesRidge | core8 | clim=60%,12.654085970279835,11.484905413049841,-0.10180149641472025,0.8551410294604694,-0.02537902889711674,222
ensemble | core8 | clim=50%,12.687967101279416,11.484905413049841,-0.10475155388416035,0.8557344551521272,-0.44472060672627833,222
ElasticNet | all | clim=40%,12.688344372563302,11.484905413049841,-0.10478440319987659,0.8034191691218234,-0.15753539584538245,222
Ridge(alpha=50) | all | clim=40%,12.70230736488426,11.484905413049841,-0.10600017223051172,0.8114768023114559,-0.07364525292042856,222
Ridge+RF+GBR+XGB | core4 | clim=60%,12.716964218569299,11.484905413049841,-0.10727635633111254,0.8258485386600658,0.17117715047596604,222
Ridge(alpha=100) | core8 | clim=60%,12.724662797894327,11.484905413049841,-0.10794667785733769,0.8559167705555384,-0.015475887736165816,222
Ridge+RF+GBR | core4 | clim=60%,12.760734449245255,11.484905413049841,-0.11108746570483219,0.8304869775231849,0.14603318382904362,222
Ridge+GBR | core6 | clim=50%,12.767727658864738,11.484905413049841,-0.11169637012049538,0.8405785849356496,0.039502948502413204,222
Ridge+RF | all | clim=40%,12.778403298615782,11.484905413049841,-0.1126259067050035,0.8386215588087846,0.09859208013787679,222
BayesRidge | all | clim=40%,12.78324810732283,11.484905413049841,-0.11304774811621288,0.8096751440923655,-0.07098480645010241,222
Ridge+GBR | core4 | clim=60%,12.810049700002082,11.484905413049841,-0.11538138446020918,0.8279022017264605,0.15876014853976628,222
Ridge+KNN | core8 | clim=60%,12.814063716251969,11.484905413049841,-0.11573088810046772,0.8430463861456591,-0.7361353210330073,222
Ridge+RF | core8 | clim=50%,12.817275501250341,11.484905413049841,-0.11601054081704332,0.862352895243477,0.06532799710178949,222
Ridge(alpha=10) | all | clim=40%,12.82790839765598,11.484905413049841,-0.11693635570390848,0.7967140673831284,-0.17355602706762951,222
Ridge+RF+GBR | all | clim=30%,12.8297269221374,11.484905413049841,-0.11709469610080481,0.8349862740110641,0.10414473364361498,222
Ridge+KNN | all | clim=50%,12.839049464535883,11.484905413049841,-0.11790641740482966,0.8337980074919337,-1.8556295953533812,222
Ridge+RF+GBR+XGB | core8 | clim=40%,12.84501144359252,11.484905413049841,-0.11842553174162362,0.8405451732367637,0.11185825300663765,222
Ridge+BayesRidge | all | clim=40%,12.85102373710243,11.484905413049841,-0.11894902699854404,0.811082716783942,-0.05566148807726634,222
ensemble | core4 | clim=60%,12.853971959707636,11.484905413049841,-0.11920573112445298,0.833550139027021,-0.12020060951738998,222
Ridge+GBR | all | clim=25%,12.858798567532295,11.484905413049841,-0.11962598777011735,0.8199340987993898,0.018924008546747473,222
ensemble | all | clim=35%,12.895233750376203,11.484905413049841,-0.122798428598625,0.8370741339301212,-0.8405290225697044,222
Ridge(alpha=200) | core8 | clim=60%,12.916437049261676,11.484905413049841,-0.12464461697570828,0.8545221248134427,-0.010275606058325337,222
Ridge+RF+GBR+XGB | all | clim=25%,12.942017472513701,11.484905413049841,-0.1268719251103454,0.8276210778254174,0.026785532750913887,222
Ridge(alpha=100) | all | clim=40%,12.946551134495804,11.484905413049841,-0.12726667472464803,0.8116222092235242,-0.04033816970443738,222
Ridge+RF | core4 | clim=60%,12.964030557160005,11.484905413049841,-0.12878862218834586,0.8371333625209124,0.07213106487456145,222
Ridge+KNN | core6 | clim=60%,12.968279803439865,11.484905413049841,-0.12915860749750063,0.8318279603720504,-0.2964903224620947,222
ensemble | core6 | clim=50%,12.974812222325973,11.484905413049841,-0.1297273904914542,0.8418473215399316,-0.2990194081309525,222
ElasticNet | core6 | clim=60%,13.051954880639101,11.484905413049841,-0.13644426412155597,0.8232902303452385,0.03575282977052652,222
Ridge(alpha=50) | core6 | clim=60%,13.058308349155858,11.484905413049841,-0.13699746576216665,0.8318838883645923,0.021625832625097985,222
Ridge+RF+GBR | core8 | clim=40%,13.060137010679986,11.484905413049841,-0.13715668879956744,0.845074814271338,0.11792064735325525,222
Ridge(alpha=10) | core6 | clim=60%,13.063755012300467,11.484905413049841,-0.13747171112586098,0.8211024494660125,0.032047421438360146,222
Ridge(alpha=500) | all | clim=50%,13.069775357805456,11.484905413049841,-0.13799590747650314,0.8348401975546609,0.004554464495694077,222
Ridge(alpha=50) | all | clim=35%,13.085749913976358,11.484905413049841,-0.13938682499792643,0.7956756875775238,-0.07978235733046546,222
Ridge(alpha=100) | core6 | clim=60%,13.08692475043183,11.484905413049841,-0.1394891189579741,0.8368058251107502,0.017005109517487682,222
Ridge+BayesRidge | core6 | clim=60%,13.102576548570907,11.484905413049841,-0.14085193367661275,0.8364184029086759,0.018174235285197682,222
Ridge+RF+GBR+XGB | core6 | clim=40%,13.10554114674067,11.484905413049841,-0.14111006363616752,0.827631875703841,0.12746248068400234,222
Ridge+RF | all | clim=35%,13.105593009499628,11.484905413049841,-0.1411145793685218,0.8292967687887257,0.10680808681603793,222
ElasticNet | all | clim=35%,13.114001997778479,11.484905413049841,-0.14184675677673053,0.786418542554765,-0.17066334549915751,222
BayesRidge | core6 | clim=60%,13.118394942970841,11.484905413049841,-0.1422292540663792,0.8360166482908805,0.019343361052914787,222
Ridge(alpha=200) | core6 | clim=60%,13.130151163461303,11.484905413049841,-0.143252877689531,0.8413865599387099,0.014162565392300763,222
Ridge+RF | core6 | clim=50%,13.133323105870183,11.484905413049841,-0.14352906127962628,0.8462071506313606,0.08952904241453297,222
Ridge(alpha=500) | core8 | clim=60%,13.144824431579856,11.484905413049841,-0.1445304910081293,0.8511118884288356,-0.003173692835037656,222
Ridge+RF+GBR | all | clim=25%,13.147323316900767,11.484905413049841,-0.14474807097340014,0.8240171702680259,0.11158364318958647,222
BayesRidge | all | clim=35%,13.1686656599052,11.484905413049841,-0.14660636603434019,0.7936819305888915,-0.07690020698760947,222
Ridge+GBR | core8 | clim=40%,13.177289891135532,11.484905413049841,-0.14735728482036103,0.8396779018245953,0.08688045870561467,222
Ridge+GBR | all | clim=20%,13.190746273207578,11.484905413049841,-0.14852894288702267,0.8061458993778767,0.020185609116545322,222
Ridge+KNN | core4 | clim=60%,13.199412210751118,11.484905413049841,-0.14928349307545474,0.8292521936291117,0.05135624007097306,222
Ridge+RF+GBR+XGB | core8 | clim=35%,13.212351301033376,11.484905413049841,-0.15041011012774264,0.8288386631691254,0.12117977409052116,222
Ridge(alpha=500) | core6 | clim=60%,13.213862275943288,11.484905413049841,-0.1505416719347903,0.8455332509432434,0.012400930430306545,222
ensemble | all | clim=30%,13.224184053880908,11.484905413049841,-0.15144039748510196,0.8270127320202796,-0.9051851012289163,222
Ridge+BayesRidge | all | clim=35%,13.233822232525469,11.484905413049841,-0.1522796014922685,0.7952524890635881,-0.060299945417039424,222
Ridge(alpha=10) | core8 | clim=50%,13.263029043755504,11.484905413049841,-0.15482266216012985,0.8231901152890806,-0.02581278763507555,222
Ridge+RF+GBR+XGB | all | clim=20%,13.263980204009423,11.484905413049841,-0.15490548045246322,0.8152124804354067,0.02857123493430791,222
ElasticNet | core8 | clim=50%,13.269408153555592,11.484905413049841,-0.15537809640801137,0.8261509372143089,-0.018063199988748835,222
Ridge(alpha=10) | all | clim=35%,13.280184833930232,11.484905413049841,-0.15631643068130852,0.7788970277510482,-0.18801902932326442,222
Ridge(alpha=200) | all | clim=40%,13.317280561233789,11.484905413049841,-0.15954638564997614,0.8106353548921656,-0.01605167136507646,222
Ridge(alpha=100) | all | clim=35%,13.330699809090023,11.484905413049841,-0.16071481041044344,0.7958406018706724,-0.043699683846469384,222
Ridge+RF+GBR | core6 | clim=40%,13.371799916012451,11.484905413049841,-0.16429342995011575,0.8286888368223578,0.09472303797481274,222
Ridge(alpha=200) | core4 | clim=60%,13.374956057061263,11.484905413049841,-0.16456823770301443,0.8365681334409153,0.022803860831544398,222
Ridge(alpha=500) | core4 | clim=60%,13.389793434225382,11.484905413049841,-0.16586014012889416,0.8413805814165952,0.019830533011148788,222
Ridge(alpha=100) | core4 | clim=60%,13.392001020789083,11.484905413049841,-0.16605235647585603,0.831066181747821,0.023682875341542342,222
Ridge+BayesRidge | core4 | clim=60%,13.415507781217109,11.484905413049841,-0.16809910911182602,0.8317274949832426,0.023284545950406965,222
Ridge(alpha=50) | core4 | clim=60%,13.423489571607796,11.484905413049841,-0.16879409005451795,0.8255080771450416,0.023351839569020427,222
Ridge(alpha=50) | core8 | clim=50%,13.431844926224288,11.484905413049841,-0.16952159753638174,0.8400869338397419,-0.023622252373698416,222
ensemble | core8 | clim=40%,13.435432865767877,11.484905413049841,-0.1698340023333349,0.8427948955758884,-0.533664728071539,222
Ridge+RF+GBR+XGB | core4 | clim=50%,13.440318717242848,11.484905413049841,-0.17025941737153083,0.8077095627435718,0.2139714380949549,222
BayesRidge | core4 | clim=60%,13.441058605307834,11.484905413049841,-0.1703238400235576,0.8322428351484426,0.02288621655927159,222
Ridge+RF+GBR | core8 | clim=35%,13.448894099697975,11.484905413049841,-0.1710060828551998,0.8338848862178015,0.12774736796602681,222
Ridge+RF | all | clim=30%,13.458309667287134,11.484905413049841,-0.17182590393778874,0.8173589370918806,0.1150240934941884,222
BayesRidge | core8 | clim=50%,13.485191578804441,11.484905413049841,-0.1741665337079532,0.837103275006365,-0.044102712572591685,222
Ridge+RF+GBR | all | clim=20%,13.486694901750957,11.484905413049841,-0.17429742925236136,0.810642680097752,0.1190225527355615,222
Ridge+RF+GBR+XGB | core6 | clim=35%,13.487427940137424,11.484905413049841,-0.1743612554973415,0.8144241754043416,0.13808435407433706,222
ElasticNet | core4 | clim=60%,13.492229422017921,11.484905413049841,-0.17477932440673283,0.8177229407152088,0.02236016344592784,222
Ridge(alpha=10) | core4 | clim=60%,13.499290514640219,11.484905413049841,-0.17539413945033555,0.816323784170003,0.01891843898274459,222
Ridge(alpha=50) | all | clim=30%,13.50069811155342,11.484905413049841,-0.17551670005162734,0.7775126643924745,-0.0859194617404988,222
Ridge+RF+GBR | core4 | clim=50%,13.505290183252274,11.484905413049841,-0.17591653544719232,0.8152687616467529,0.18254147978630186,222
Ridge+GBR | core6 | clim=40%,13.522313548829924,11.484905413049841,-0.17739877365163648,0.8206545805498089,0.047403538202893,222
Ridge+BayesRidge | core8 | clim=50%,13.541329080957548,11.484905413049841,-0.1790544714082778,0.8421489468082302,-0.03172378612139681,222
Ridge+GBR | core4 | clim=50%,13.569013024526193,11.484905413049841,-0.18146493475760472,0.8111924785799866,0.1984501856747123,222
ElasticNet | all | clim=30%,13.574856866479491,11.484905413049841,-0.18197376280129585,0.7675250318726572,-0.18379129515294323,222
Ridge+KNN | all | clim=40%,13.575085059802708,11.484905413049841,-0.1819936317784454,0.814856455815969,-2.2267555144240596,222
ensemble | all | clim=25%,13.576472860825831,11.484905413049841,-0.18211446873558268,0.8143876930546012,-0.9698411798881139,222
BayesRidge | all | clim=30%,13.584952841309649,11.484905413049841,-0.1828528274924761,0.7752553647844761,-0.08281560752512007,222
Ridge+GBR | core8 | clim=35%,13.58574896382906,11.484905413049841,-0.18292214652391592,0.8266188215610284,0.09412049693109026,222
Ridge+RF+GBR+XGB | core8 | clim=30%,13.608324254934828,11.484905413049841,-0.18488779537289268,0.813808092732292,0.13050129517441178,222
Ridge(alpha=100) | core8 | clim=50%,13.616173730470681,11.484905413049841,-0.18557125555419596,0.845959655008004,-0.01934485967020194,222
Ridge+RF | core8 | clim=40%,13.618846604130898,11.484905413049841,-0.18580398482484184,0.8515991815110411,0.07839359652214029,222
Ridge+KNN | core8 | clim=50%,13.633660621988348,11.484905413049841,-0.18709385333700368,0.8332410347678044,-0.9201691512912582,222
ensemble | core4 | clim=50%,13.642137271388956,11.484905413049841,-0.18783192205378874,0.8201931718858568,-0.15025076189672504,222
Ridge+BayesRidge | all | clim=30%,13.646583958389984,11.484905413049841,-0.18821909868616893,0.7768097142120387,-0.06493840275681606,222
Ridge(alpha=200) | all | clim=35%,13.719681793782069,11.484905413049841,-0.194583786314247,0.794646225471471,-0.017389310645498313,222
Ridge(alpha=100) | all | clim=30%,13.743983646117671,11.484905413049841,-0.196699768245451,0.7772604917898369,-0.047061197988508496,222
ensemble | core6 | clim=40%,13.764412846636828,11.484905413049841,-0.19847855525191127,0.824411631482005,-0.3588232897571437,222
Ridge(alpha=10) | all | clim=30%,13.768420165565141,11.484905413049841,-0.1988274757509656,0.7593226309708799,-0.20248203157889932,222
Ridge+RF+GBR | core6 | clim=35%,13.77842301172776,11.484905413049841,-0.19969843165376755,0.8153990807157753,0.10261662447271291,222
Ridge+RF | core4 | clim=50%,13.802242851912572,11.484905413049841,-0.2017724443972897,0.8264100155980121,0.09016383109320358,222
Ridge+KNN | core6 | clim=50%,13.818615031494854,11.484905413049841,-0.20319798331062544,0.8155584748216081,-0.3706129030776175,222
Ridge(alpha=200) | core8 | clim=50%,13.831960538820846,11.484905413049841,-0.2043599874235047,0.8493419359082861,-0.012844507572904007,222
Ridge+RF | all | clim=25%,13.83460096178856,11.484905413049841,-0.20458989118611748,0.8025241661575343,0.12324010017234954,222
ensemble | core8 | clim=35%,13.855965748542168,11.484905413049841,-0.20645014044244414,0.8315016417612876,-0.578136788744164,222
Ridge+RF+GBR | core8 | clim=30%,13.866077499827185,11.484905413049841,-0.20733057880230454,0.8189745710563286,0.13757408857879128,222
Ridge(alpha=500) | all | clim=40%,13.867322004084333,11.484905413049841,-0.2074389387941713,0.8151229400023348,0.005465357394843551,222
Ridge+RF+GBR+XGB | core6 | clim=30%,13.896678604368477,11.484905413049841,-0.20999504171608008,0.7978419069725272,0.14870622746467532,222
Ridge(alpha=50) | all | clim=25%,13.944339656523809,11.484905413049841,-0.2141449280617853,0.7571151837352549,-0.0920565661505357,222
Ridge+GBR | core6 | clim=35%,13.945392684358858,11.484905413049841,-0.2142366160467688,0.8055902476559715,0.05135383305313823,222
ensemble | all | clim=20%,13.950332176199543,11.484905413049841,-0.21466670159497658,0.7989637784130127,-1.0344972585473258,222
Ridge+RF | core6 | clim=40%,13.982292125173089,11.484905413049841,-0.21744948019211074,0.829714763974972,0.10743485089744453,222
Ridge+KNN | all | clim=35%,13.986084885638155,11.484905413049841,-0.2177797189122972,0.8012405346453086,-2.4123184739593952,222
Ridge(alpha=50) | core6 | clim=50%,14.005664904807745,11.484905413049841,-0.21948456701207708,0.809437887467443,0.027032290781374257,222
ElasticNet | core6 | clim=50%,14.013477346235772,11.484905413049841,-0.22016480260366933,0.7934231558390447,0.04469103721315548,222
Ridge+GBR | core8 | clim=30%,14.023225912426577,11.484905413049841,-0.221013618143737,0.8094890612866387,0.10136053515655519,222
BayesRidge | all | clim=25%,14.029361977228136,11.484905413049841,-0.22154789026709176,0.7545102522526185,-0.08873100806262713,222
Ridge+RF+GBR+XGB | core8 | clim=25%,14.030506240425197,11.484905413049841,-0.22164752218881056,0.7951517327482435,0.1398228162582953,222
Ridge(alpha=10) | core6 | clim=50%,14.030744030774201,11.484905413049841,-0.2216682267867549,0.7897557680942493,0.040059276797958177,222
Ridge(alpha=100) | core6 | clim=50%,14.03290518725677,11.484905413049841,-0.22185640042901333,0.8195740293376886,0.02125638689685516,222
Ridge+BayesRidge | core6 | clim=50%,14.053627462610022,11.484905413049841,-0.2236607056982327,0.8189530522536045,0.02271779410649799,222
ElasticNet | all | clim=25%,14.067450179750457,11.484905413049841,-0.2248642608554854,0.7469712555037363,-0.1969192448067254,222
Ridge+RF | core8 | clim=35%,14.067960586864608,11.484905413049841,-0.22490870241558492,0.840980537945691,0.08492639623231923,222
BayesRidge | core6 | clim=50%,14.074589047198975,11.484905413049841,-0.22548584781608905,0.8183035077534088,0.024179201316137267,222
Ridge(alpha=200) | core6 | clim=50%,14.077686570738805,11.484905413049841,-0.22575555169508754,0.8300815306684707,0.01770320674037862,222
Ridge+BayesRidge | all | clim=25%,14.08667525165091,11.484905413049841,-0.22653820340956243,0.7558247302360119,-0.06957686009658559,222
Ridge(alpha=500) | core8 | clim=50%,14.094446672409658,11.484905413049841,-0.22721486729831475,0.8504492811565078,-0.003967116043789076,222
Ridge+KNN | core4 | clim=50%,14.145331030813251,11.484905413049841,-0.23164540952513857,0.810245543765266,0.06419530008870922,222
Ridge(alpha=200) | all | clim=30%,14.149223437695747,11.484905413049841,-0.23198432453945572,0.7752550854169057,-0.018726949925930825,222
Ridge(alpha=500) | core6 | clim=50%,14.171189870892245,11.484905413049841,-0.2338969596380034,0.841703544658763,0.015501163037875187,222
Ridge(alpha=100) | all | clim=25%,14.183856086133495,11.484905413049841,-0.23499981723984797,0.7559031948140403,-0.050422712130544056,222
ensemble | core6 | clim=35%,14.203654864901463,11.484905413049841,-0.23672371291472838,0.8105599919933981,-0.3887252305702411,222
Ridge+RF+GBR | core6 | clim=30%,14.212036739328951,11.484905413049841,-0.23745352949797738,0.7982688826480023,0.11051021097060953,222
Ridge+RF | all | clim=20%,14.232597167931983,11.484905413049841,-0.23924374263979997,0.7845425175633493,0.13145610685051068,222
Ridge+RF+GBR+XGB | core4 | clim=40%,14.288097779644303,11.484905413049841,-0.2440762257745115,0.7780481402809571,0.2567657257139473,222
Ridge(alpha=10) | all | clim=25%,14.28892885261956,11.484905413049841,-0.24414858797039973,0.7382515099245622,-0.21694503383453423,222
ensemble | core8 | clim=30%,14.304098084325403,11.484905413049841,-0.245469385239536,0.8160545206165504,-0.6226088494167925,222
Ridge+RF+GBR | core8 | clim=25%,14.30920112783035,11.484905413049841,-0.24591371136338447,0.7998461872393408,0.14740080919156284,222
Ridge(alpha=500) | all | clim=35%,14.309331394738741,11.484905413049841,-0.24592505380842034,0.800075618396878,0.005920803844407629,222
Ridge+RF+GBR+XGB | core6 | clim=25%,14.33094903092784,11.484905413049841,-0.24780731886952712,0.7775965716424073,0.15932810085500293,222
ElasticNet | core8 | clim=40%,14.338043259657942,11.484905413049841,-0.24842501910082726,0.7806086905790619,-0.021675839986500023,222
Ridge(alpha=10) | core8 | clim=40%,14.340596577705835,11.484905413049841,-0.24864733856764598,0.7759772905362471,-0.030975345162083556,222
Ridge+RF+GBR | core4 | clim=40%,14.376322921723718,11.484905413049841,-0.25175806022646685,0.7887080243910857,0.2190497757435601,222
Ridge(alpha=200) | core4 | clim=50%,14.378134818416472,11.484905413049841,-0.25191582353644537,0.8261315097885024,0.02850482603943405,222
Ridge(alpha=500) | core4 | clim=50%,14.388230599267441,11.484905413049841,-0.25279487133770107,0.837804468219276,0.02478816626393865,222
Ridge+GBR | core6 | clim=30%,14.395472717275611,11.484905413049841,-0.25342544840801295,0.7864461788651305,0.0553041279033728,222
Ridge(alpha=100) | core4 | clim=50%,14.407416209469073,11.484905413049841,-0.2544653779297563,0.8143979538249166,0.029603594176933257,222
Ridge(alpha=50) | all | clim=20%,14.414025380952175,11.484905413049841,-0.25504084383438563,0.7346680211111406,-0.09819367056056905,222
Ridge+KNN | all | clim=30%,14.422530387022187,11.484905413049841,-0.2557813815893024,0.7843855748264681,-2.5978814334947344,222
Ridge+BayesRidge | core4 | clim=50%,14.43500491210819,11.484905413049841,-0.2568675485743459,0.8163825295540755,0.02910568243801137,222
Ridge+RF | core6 | clim=35%,14.452600571569254,11.484905413049841,-0.25839961686992563,0.8157353717729258,0.11638775513889144,222
Ridge+GBR | core4 | clim=40%,14.454332221286204,11.484905413049841,-0.2585503930108404,0.7826056402544842,0.23814022280965474,222
Ridge(alpha=50) | core4 | clim=50%,14.455155416998968,11.484905413049841,-0.2586220693271144,0.803209132745944,0.0291897994612782,222
BayesRidge | core4 | clim=50%,14.465568411717781,11.484905413049841,-0.2595287371963144,0.8181138207456136,0.02860777069908238,222
Ridge+RF+GBR+XGB | core8 | clim=20%,14.476604432925798,11.484905413049841,-0.2604896524856539,0.7726481624612114,0.14914433734218235,222
Ridge(alpha=50) | core8 | clim=40%,14.481633688855236,11.484905413049841,-0.2609275538656446,0.804843522202319,-0.0283467028484381,222
Ridge+GBR | core8 | clim=25%,14.48709215554772,11.484905413049841,-0.2614028269737958,0.7878095659773957,0.10860057338202367,222
BayesRidge | all | clim=20%,14.499307453283032,11.484905413049841,-0.26246642282382626,0.7316230120526941,-0.09464640860013063,222
Ridge+RF | core8 | clim=30%,14.545386151657329,11.484905413049841,-0.2664785323464647,0.8255811235707099,0.09145919594250174,222
BayesRidge | core8 | clim=40%,14.547658191783091,11.484905413049841,-0.2666763607171867,0.8001293551841285,-0.0529232550871086,222
Ridge+BayesRidge | all | clim=20%,14.551616701189866,11.484905413049841,-0.2670210313317376,0.7324396170857873,-0.07421531743636223,222
ElasticNet | core4 | clim=50%,14.554737430561543,11.484905413049841,-0.2672927557612772,0.7882309624742915,0.027950204307412463,222
ensemble | core4 | clim=40%,14.560645415593783,11.484905413049841,-0.2678071687947121,0.7952787468516099,-0.18030091427608141,222
Ridge(alpha=10) | core4 | clim=50%,14.567233813614253,11.484905413049841,-0.2683808259371545,0.7854130338302322,0.023648048728436066,222
ElasticNet | all | clim=20%,14.588567278550876,11.484905413049841,-0.2702383479775521,0.7250158093985628,-0.21004719446050402,222
Ridge+KNN | core8 | clim=40%,14.594315555782531,11.484905413049841,-0.27073885512366447,0.8116542483678671,-1.1042029815495127,222
Ridge+BayesRidge | core8 | clim=40%,14.597386460901435,11.484905413049841,-0.27100624131523143,0.8101508502234821,-0.03806854334568044,222
Ridge(alpha=200) | all | clim=25%,14.603510798716375,11.484905413049841,-0.27153949236038,0.7522961047081396,-0.02006458920635268,222
Ridge(alpha=100) | all | clim=20%,14.647921983075332,11.484905413049841,-0.2754064100894973,0.7318713521989519,-0.053784226272579616,222
ensemble | core6 | clim=30%,14.669036304390339,11.484905413049841,-0.27724485111758046,0.7923343211071788,-0.4186271713833385,222
Ridge+RF+GBR | core6 | clim=25%,14.670247978941973,11.484905413049841,-0.2773503526004448,0.7768158450767512,0.11840379746851681,222
Ridge(alpha=100) | core8 | clim=40%,14.672259171462315,11.484905413049841,-0.27752546875926476,0.818698836333599,-0.023213831604238067,222
Ridge+GBR | all | clim=0%,14.717535621477348,11.484905413049841,-0.2814677258686342,0.7300635516447881,0.025232011395676324,222
Ridge+RF+GBR+XGB | all | clim=0%,14.739851383541957,11.484905413049841,-0.283410777314165,0.7420624906006946,0.03571404366788755,222
Ridge+RF+GBR+XGB | core4 | clim=35%,14.752067384813303,11.484905413049841,-0.28447443442164677,0.75767733343716,0.2781628695234417,222
Ridge+RF | core4 | clim=40%,14.774835071425152,11.484905413049841,-0.286456835302892,0.8044620961854595,0.10819659731184927,222
Ridge+RF+GBR | core8 | clim=20%,14.775931360200408,11.484905413049841,-0.28655229005291627,0.7760710392988528,0.15722752980433796,222
Ridge(alpha=500) | all | clim=30%,14.776772654286143,11.484905413049841,-0.2866255422091577,0.780671070339436,0.0063762502939788135,222
ensemble | core8 | clim=25%,14.777319169397385,11.484905413049841,-0.2866731277217578,0.7956983883459119,-0.6670809100894246,222
Ridge+RF+GBR+XGB | core6 | clim=20%,14.788035167736671,11.484905413049841,-0.2876061783611745,0.7534839504164813,0.1699499742453341,222
Ridge+KNN | core6 | clim=40%,14.805937152945909,11.484905413049841,-0.28916491868731553,0.7850792828814315,-0.44473548369314386,222
Ridge(alpha=10) | all | clim=20%,14.838314962366825,11.484905413049841,-0.29198408073144755,0.7159605372979992,-0.2314080360901727,222
Ridge+RF+GBR | core4 | clim=35%,14.852442193790653,11.484905413049841,-0.2932141501935588,0.7695837449784644,0.237303923722191,222
Ridge+GBR | core6 | clim=25%,14.870102104943337,11.484905413049841,-0.29475181293587593,0.7627642216510279,0.059254422753610925,222
Ridge+KNN | all | clim=25%,14.882183018286854,11.484905413049841,-0.2958037078282614,0.7639692180648482,-2.78344439303007,222
Ridge(alpha=200) | core8 | clim=40%,14.903499716420754,11.484905413049841,-0.29765976996958976,0.8309910464615277,-0.015413409087482677,222
ElasticNet | core8 | clim=35%,14.930306874348172,11.484905413049841,-0.29999389088424344,0.7482879424006653,-0.023482159985380946,222
Ridge+GBR | core4 | clim=35%,14.937481275308949,11.484905413049841,-0.3006185717764889,0.7622635760645273,0.25798524137712775,222
Ridge(alpha=10) | core8 | clim=35%,14.937974085227129,11.484905413049841,-0.3006614811345074,0.7430338186965141,-0.03355662392559111,222
Ridge+RF | core6 | clim=30%,14.949676959851125,11.484905413049841,-0.3016804598899354,0.7966220529775858,0.125340659380349,222
Ridge+GBR | core8 | clim=20%,14.974895569095716,11.484905413049841,-0.30387626458641437,0.7612066870517684,0.11584061160749215,222
Ridge+RF+GBR | all | clim=0%,15.031046869095915,11.484905413049841,-0.3087654036764409,0.7310439989971055,0.14877819091944744,222
Ridge+RF | core8 | clim=25%,15.048428904991844,11.484905413049841,-0.31027887159548695,0.804283592726441,0.09799199565267713,222
Ridge(alpha=50) | core8 | clim=35%,15.060526692776456,11.484905413049841,-0.3113322357591015,0.7767562003056888,-0.030708928085804388,222
ensemble | core4 | clim=35%,15.061459988528823,11.484905413049841,-0.31141349857484113,0.7764652862032932,-0.19532599046575072,222
Ridge(alpha=200) | all | clim=20%,15.080307682464456,11.484905413049841,-0.31305458252440665,0.725707425940282,-0.021402228486767427,222
Ridge(alpha=50) | core6 | clim=40%,15.10602325048031,11.484905413049841,-0.31529365782289664,0.7666925830063195,0.03243874893765053,222
Ridge+KNN | core8 | clim=35%,15.119293821733535,11.484905413049841,-0.31644913719133316,0.7939808703834148,-1.1962198966786382,222
Ridge(alpha=100) | core6 | clim=40%,15.12953182641034,11.484905413049841,-0.31734056853609394,0.7839045989767914,0.025507664276229747,222
ElasticNet | core6 | clim=40%,15.131626797063939,11.484905413049841,-0.3175229793247121,0.7420338351168344,0.053629244655788,222
BayesRidge | core8 | clim=35%,15.132767582901993,11.484905413049841,-0.3176223084699705,0.7709767109507566,-0.05733352634437594,222
Ridge+RF+GBR | core6 | clim=20%,15.150825163698329,11.484905413049841,-0.3191945966296814,0.750636175624644,0.12629738396642054,222
Ridge(alpha=10) | core6 | clim=40%,15.154736224679594,11.484905413049841,-0.31953513587146043,0.7368239096692345,0.0480711321575491,222
Ridge+BayesRidge | core6 | clim=40%,15.155352340896387,11.484905413049841,-0.31958878160859405,0.7828598127514522,0.027261352927801852,222
ensemble | core6 | clim=25%,15.158149779821724,11.484905413049841,-0.3198323568775865,0.7689800356043024,-0.4485291121964323,222
Ridge(alpha=200) | core6 | clim=40%,15.173134907235125,11.484905413049841,-0.32113712403712924,0.8037292609210127,0.02124384808844937,222
Ridge+BayesRidge | core8 | clim=35%,15.177932644037282,11.484905413049841,-0.3215548668595216,0.7836008482467851,-0.041240921957815146,222
BayesRidge | core6 | clim=40%,15.181489151236311,11.484905413049841,-0.32186453481682054,0.7817628977714652,0.02901504157936685,222
Ridge(alpha=500) | core8 | clim=40%,15.191409283948659,11.484905413049841,-0.3227282887926326,0.8429182016112096,-0.0047605392525547074,222
Ridge+KNN | core4 | clim=40%,15.233860873126462,11.484905413049841,-0.3264245829849701,0.7736500381516577,0.07703436010645959,222
Ridge+RF+GBR+XGB | core4 | clim=30%,15.239550247799185,11.484905413049841,-0.3269199614376528,0.7329633762259782,0.2995600133329397,222
Ridge(alpha=100) | core8 | clim=35%,15.251545402413935,11.484905413049841,-0.3279643892481876,0.7948320408922555,-0.025148317571257905,222
Ridge(alpha=500) | all | clim=25%,15.267310008674427,11.484905413049841,-0.32933702626116457,0.7562141587419031,0.0068316967435499976,222
Ridge(alpha=500) | core6 | clim=40%,15.272699974784551,11.484905413049841,-0.3298063349682263,0.8293595650687225,0.018601395645454488,222
ensemble | core8 | clim=20%,15.273297165624939,11.484905413049841,-0.32985833285753485,0.7697082308250596,-0.7115529707620531,222
Ridge+RF | core4 | clim=35%,15.303657480511148,11.484905413049841,-0.33250183002136113,0.7867835660291557,0.11721298042116857,222
Ridge+KNN | core6 | clim=35%,15.342849531414968,11.484905413049841,-0.3359143135808067,0.7620497283384348,-0.48179677400090526,222
Ridge+RF+GBR | core4 | clim=30%,15.352320252380101,11.484905413049841,-0.33673893691243384,0.7455873192733597,0.2555580717008219,222
Ridge+KNN | all | clim=20%,15.362959880957119,11.484905413049841,-0.33766533797490395,0.7397330129319195,-2.9690073525654093,222
Ridge+GBR | core6 | clim=20%,15.367006302263654,11.484905413049841,-0.33801766314964476,0.7341913935447147,0.06320471760385615,222
Ridge+GBR | core4 | clim=30%,15.444293115166412,11.484905413049841,-0.3447470884364163,0.7369366190774163,0.2778302599445972,222
Ridge+RF | core6 | clim=25%,15.470941368947667,11.484905413049841,-0.3470673734385876,0.7712614889744749,0.134293563621803,222
Ridge(alpha=200) | core8 | clim=35%,15.48784310204277,11.484905413049841,-0.34853902100443523,0.8129448966781794,-0.01669785984478267,222
Ridge(alpha=200) | core4 | clim=40%,15.52449538625764,11.484905413049841,-0.35173036502484156,0.8023533026023002,0.03420579124730949,222
Ridge(alpha=500) | core4 | clim=40%,15.527758511269509,11.484905413049841,-0.35201448795790125,0.8276755877218361,0.029745799516721405,222
ElasticNet | core8 | clim=30%,15.555414840159662,11.484905413049841,-0.3544225468748452,0.7093613195377148,-0.025288479984254764,222
Ridge(alpha=100) | core4 | clim=40%,15.567546647508065,11.484905413049841,-0.35547887314938453,0.7797500443958968,0.035524313012317066,222
Ridge(alpha=10) | core8 | clim=30%,15.568517766696031,11.484905413049841,-0.3555634292822425,0.703790199458641,-0.03613790268910222,222
Ridge+RF | core8 | clim=20%,15.574606823187663,11.484905413049841,-0.35609360835404513,0.775941930822814,0.10452479536285963,222
ensemble | core4 | clim=30%,15.586470155318933,11.484905413049841,-0.357126558274363,0.7520411675548968,-0.21035106665542713,222
Ridge+BayesRidge | core4 | clim=40%,15.598493903035479,11.484905413049841,-0.35817347570938907,0.7839920409894298,0.03492681892561578,222
ensemble | all | clim=0%,15.629209453009343,11.484905413049841,-0.36084790347950935,0.7063901871377786,-1.2931215731841625,222
Ridge(alpha=50) | core4 | clim=40%,15.632940872628618,11.484905413049841,-0.3611728012026576,0.7596292107028455,0.03502775935353597,222
BayesRidge | core4 | clim=40%,15.63341380906614,11.484905413049841,-0.36121398016064754,0.7878837568290369,0.03432932483890383,222
ensemble | core6 | clim=20%,15.668773004457048,11.484905413049841,-0.3642927338916735,0.7397874968477748,-0.4784310530095297,222
Ridge+KNN | core8 | clim=30%,15.67010729646629,11.484905413049841,-0.36440891177570967,0.7699431663796552,-1.2882368118077672,222
Ridge(alpha=50) | core8 | clim=30%,15.670182794548298,11.484905413049841,-0.3644154854547512,0.7402175532268239,-0.03307115332317778,222
Ridge(alpha=50) | core6 | clim=35%,15.703705109097834,11.484905413049841,-0.3673343004857783,0.7346516044342289,0.03514197801579044,222
Ridge(alpha=100) | core6 | clim=35%,15.724660241243956,11.484905413049841,-0.36915888078422054,0.7554829277772708,0.027633302965913487,222
ElasticNet | core6 | clim=35%,15.739190926507456,11.484905413049841,-0.3704240792983493,0.7063189273922453,0.05809834837710426,222
Ridge+RF+GBR+XGB | core4 | clim=25%,15.748362995817942,11.484905413049841,-0.3712226987889429,0.70349150523235,0.3209571571424341,222
BayesRidge | core8 | clim=30%,15.748539365841431,11.484905413049841,-0.3712380554694854,0.7332826117544042,-0.06174379760163262,222
Ridge+BayesRidge | core6 | clim=35%,15.753010254812882,11.484905413049841,-0.37162733938699777,0.754104140887471,0.029533132338446677,222
Ridge(alpha=10) | core6 | clim=35%,15.765301119418067,11.484905413049841,-0.37269751490548475,0.7005289544113583,0.052077059837344564,222
ElasticNet | core4 | clim=40%,15.765368345977052,11.484905413049841,-0.372703368376329,0.7341061211013871,0.033540245168893534,222
Ridge(alpha=200) | core6 | clim=35%,15.766857488826806,11.484905413049841,-0.37283302924824735,0.7809583868180289,0.023014168762490073,222
Ridge(alpha=500) | all | clim=20%,15.778789542863876,11.484905413049841,-0.37387196284046587,0.7260687166263562,0.007287143193121182,222
BayesRidge | core6 | clim=35%,15.781716010547388,11.484905413049841,-0.37412677274775397,0.752657336004873,0.03143296171097987,222
Ridge(alpha=10) | core4 | clim=40%,15.783990654771133,11.484905413049841,-0.3743248278593929,0.7293370185094575,0.02837765847412399,222
Ridge(alpha=500) | core8 | clim=35%,15.78570832463577,11.484905413049841,-0.37447438676326383,0.8336679429455458,-0.005157250856928641,222
Ridge+BayesRidge | core8 | clim=30%,15.788419375402931,11.484905413049841,-0.37471044014547816,0.7480558606663935,-0.04441330056995341,222
Ridge+KNN | core4 | clim=35%,15.822560257989599,11.484905413049841,-0.3776831143956183,0.7453270938299291,0.083453890115333,222
Ridge+RF | core4 | clim=30%,15.857099962505988,11.484905413049841,-0.38069051439363144,0.762726224507137,0.1262293635304914,222
Ridge(alpha=100) | core8 | clim=30%,15.860077229594953,11.484905413049841,-0.38094974744622445,0.7616806795063377,-0.027082803538277744,222
Ridge(alpha=500) | core6 | clim=35%,15.868296667296878,11.484905413049841,-0.38166542053244634,0.8168224441617367,0.020151511949251244,222
Ridge+RF+GBR | core4 | clim=25%,15.873712696937687,11.484905413049841,-0.3821369986121974,0.7159785253640696,0.2738122196794528,222
Ridge+KNN | core6 | clim=30%,15.904755321138762,11.484905413049841,-0.3848399049997244,0.7322299875059444,-0.5188580643086667,222
Ridge+GBR | core4 | clim=25%,15.972515421630561,11.484905413049841,-0.39073983173441085,0.7059287136130555,0.2976752785120702,222
Ridge+RF | all | clim=0%,16.007964038228682,11.484905413049841,-0.3938263714422472,0.6786400420671611,0.1643201335631339,222
Ridge+RF | core6 | clim=20%,16.01403197804545,11.484905413049841,-0.3943547118680961,0.7385456720947016,0.14324646786325346,222
Ridge(alpha=200) | core8 | clim=30%,16.099933552568128,11.484905413049841,-0.401834231414254,0.7857288237795641,-0.017982310602072005,222
ensemble | core4 | clim=25%,16.133313970428755,11.484905413049841,-0.40474069138585267,0.7208513282952836,-0.2253761428451,222
Ridge(alpha=500) | core4 | clim=35%,16.14124055262349,11.484905413049841,-0.40543086530628636,0.8174503047876083,0.03222461614311811,222
Ridge(alpha=200) | core4 | clim=35%,16.141987544089712,11.484905413049841,-0.4054959064572019,0.7812250089695139,0.037056273851256094,222
Ridge(alpha=100) | core4 | clim=35%,16.192314091216318,11.484905413049841,-0.4098778796051412,0.7510628434586453,0.03848467243001252,222
ElasticNet | core8 | clim=25%,16.20956776035611,11.484905413049841,-0.4113801705269442,0.6641644112623564,-0.027094799983132134,222
Ridge+BayesRidge | core4 | clim=35%,16.224707468870356,11.484905413049841,-0.41269839718791834,0.7567281331906477,0.037837387169410874,222
Ridge(alpha=10) | core8 | clim=25%,16.228362124612165,11.484905413049841,-0.4130166110181912,0.6586891929711428,-0.038719181452609774,222
Ridge+KNN | core8 | clim=25%,16.244128095601955,11.484905413049841,-0.41438936685925154,0.7379661127973868,-1.3802537269368962,222
BayesRidge | core4 | clim=35%,16.261587731659176,11.484905413049841,-0.41590959148708184,0.7620357892349151,0.03719010190881633,222
Ridge(alpha=50) | core4 | clim=35%,16.26686678669167,11.484905413049841,-0.41636924307694123,0.7253585224752181,0.037946739299659527,222
Ridge+RF+GBR+XGB | core4 | clim=20%,16.276505399029222,11.484905413049841,-0.4172084848461075,0.6689742656914764,0.3423543009519321,222
Ridge(alpha=50) | core8 | clim=25%,16.307152049035516,11.484905413049841,-0.4198769134403446,0.6945607232907709,-0.03543337856055473,222
Ridge(alpha=50) | core6 | clim=30%,16.328480762045768,11.484905413049841,-0.4217340217266714,0.6938944898480197,0.03784520709392325,222
Ridge(alpha=100) | core6 | clim=30%,16.346513857668295,11.484905413049841,-0.42330417794250197,0.7176272367036068,0.029758941655604332,222
ElasticNet | core6 | clim=30%,16.374348010920002,11.484905413049841,-0.42572772017037974,0.6633066215814091,0.06256745209841696,222
Ridge+BayesRidge | core6 | clim=30%,16.37737132044765,11.484905413049841,-0.4259909621753346,0.7157999522692043,0.0318049117490915,222
Ridge(alpha=200) | core6 | clim=30%,16.386859392907976,11.484905413049841,-0.426817096315677,0.7486717671611238,0.024784489436527224,222
BayesRidge | core8 | clim=25%,16.391518269609346,11.484905413049841,-0.42722274847682384,0.6864499379476737,-0.0661540688588893,222
Ridge(alpha=10) | core6 | clim=30%,16.403488987679896,11.484905413049841,-0.428265048577698,0.657222037087194,0.056082987517140026,222
Ridge(alpha=500) | core8 | clim=30%,16.406184091073214,11.484905413049841,-0.4284997134091779,0.8176608937576213,-0.005553962461313233,222
BayesRidge | core6 | clim=30%,16.408624375141272,11.484905413049841,-0.4287121909159832,0.7138864932907364,0.033850881842596436,222
Ridge+RF+GBR | core4 | clim=20%,16.414569506378612,11.484905413049841,-0.4292298382995292,0.6801055641725526,0.2920663676580837,222
ElasticNet | core4 | clim=35%,16.416148809435462,11.484905413049841,-0.429367349493575,0.6937906989508299,0.036335265599635846,222
Ridge+BayesRidge | core8 | clim=25%,16.425508593919,11.484905413049841,-0.4301823134960563,0.7023487540120974,-0.04758567918209167,222
Ridge+RF | core4 | clim=25%,16.432675138519667,11.484905413049841,-0.4308063103286748,0.7304766536138428,0.13524574663980715,222
Ridge+KNN | core4 | clim=30%,16.436692614415502,11.484905413049841,-0.43115611520310315,0.7080517298544039,0.08987342012420285,222
Ridge(alpha=10) | core4 | clim=35%,16.438008312442534,11.484905413049841,-0.4312706740940748,0.6880162554470727,0.0307424633469644,222
Ridge+RF+GBR+XGB | core8 | clim=0%,16.459753952685,11.484905413049841,-0.43316408457160094,0.6442302786295846,0.1864304216777235,222
Ridge+KNN | core6 | clim=25%,16.48909958796834,11.484905413049841,-0.4357192327620245,0.6943824045003375,-0.555919354616428,222
Ridge(alpha=500) | core6 | clim=30%,16.48952342356541,11.484905413049841,-0.43575613647013745,0.7968248359102407,0.02170162825303734,222
Ridge(alpha=100) | core8 | clim=25%,16.494618119102608,11.484905413049841,-0.43619973572968473,0.7174463705479297,-0.029017289505297583,222
Ridge(alpha=50) | all | clim=0%,16.506962387973218,11.484905413049841,-0.43727456120074026,0.629543700482648,-0.12274208820071308,222
Ridge+GBR | core4 | clim=20%,16.52009455334181,11.484905413049841,-0.43841798945689914,0.6686587644645003,0.3175202970795432,222
BayesRidge | all | clim=0%,16.589341357155647,11.484905413049841,-0.4444473646518532,0.6238271173915421,-0.11830801075016595,222
Ridge+BayesRidge | all | clim=0%,16.61654883294672,11.484905413049841,-0.44681634156655714,0.619883443510748,-0.09276914679545101,222
ensemble | core4 | clim=20%,16.699846714368558,11.484905413049841,-0.45406915544930704,0.6817637056087932,-0.24040121903477285,222
Ridge(alpha=100) | all | clim=0%,16.704268246466626,11.484905413049841,-0.4544541418239483,0.6137313380950461,-0.06723028284072896,222
Ridge(alpha=200) | core8 | clim=25%,16.736727073361713,11.484905413049841,-0.4572803581250602,0.7461412743097156,-0.019266761359357787,222
Ridge(alpha=500) | core4 | clim=30%,16.779656791217313,11.484905413049841,-0.46101828336794637,0.8007419502543116,0.03470343276951482,222
Ridge(alpha=200) | core4 | clim=30%,16.784726329387787,11.484905413049841,-0.46145969215523275,0.7500446991793456,0.03990675645519559,222
Ridge+RF+GBR+XGB | core6 | clim=0%,16.805954930176895,11.484905413049841,-0.46330808358952247,0.6188896531708378,0.2124374678066694,222
Ridge+RF+GBR | core8 | clim=0%,16.838217831219936,11.484905413049841,-0.46611724046828806,0.6315725653428057,0.19653441225542778,222
Ridge+KNN | core8 | clim=20%,16.8389830565443,11.484905413049841,-0.4661838692559743,0.6964458218440535,-1.472270642066018,222
Ridge(alpha=100) | core4 | clim=30%,16.842514411726597,11.484905413049841,-0.4664913472068406,0.7112081887172025,0.041445031847700875,222
Ridge+BayesRidge | core4 | clim=30%,16.876219503171892,11.484905413049841,-0.46942607676995896,0.7182586426849545,0.04074795541321308,222
ElasticNet | core8 | clim=20%,16.88939110052693,11.484905413049841,-0.4705729384010586,0.6134864575316639,-0.0289011199820024,222
ElasticNet | all | clim=0%,16.903434817570822,11.484905413049841,-0.4717957361985865,0.628589051963025,-0.2625589930756327,222
Ridge(alpha=10) | core8 | clim=20%,16.914078312393116,11.484905413049841,-0.4727224738981586,0.608584438691238,-0.04130046021611733,222
BayesRidge | core4 | clim=30%,16.914932160241072,11.484905413049841,-0.47279681912062665,0.7250000026136428,0.04005087897872883,222
Ridge(alpha=50) | core4 | clim=30%,16.926371107582,11.484905413049841,-0.47379281751412927,0.6797800531762448,0.040865719245786636,222
Ridge(alpha=50) | core8 | clim=20%,16.96835883847489,11.484905413049841,-0.47744872319056464,0.6397812159756182,-0.03779560379791036,222
Ridge(alpha=50) | core6 | clim=25%,16.97735927560679,11.484905413049841,-0.4782323985286019,0.6436035267955,0.040548436172066715,222
Ridge(alpha=100) | core6 | clim=25%,16.99215878208278,11.484905413049841,-0.4795210035230473,0.6686287679325232,0.03188458034528452,222
Ridge+BayesRidge | core6 | clim=25%,17.025498007854505,11.484905413049841,-0.4824238768661613,0.6662194752900119,0.034076691159746986,222
Ridge+RF | core4 | clim=20%,17.02813880735207,11.484905413049841,-0.48265381341353275,0.6880317950213866,0.14426212974913,222
Ridge(alpha=200) | core6 | clim=25%,17.030270696117668,11.484905413049841,-0.4828394386920112,0.7039568313892741,0.026554810110564375,222
ElasticNet | core6 | clim=25%,17.034011706307442,11.484905413049841,-0.48316517147388716,0.613055819119769,0.06703655581973322,222
Ridge(alpha=500) | core8 | clim=25%,17.049978985077015,11.484905413049841,-0.4845554553460929,0.7907502023442093,-0.005950674065687167,222
BayesRidge | core8 | clim=20%,17.058628074806272,11.484905413049841,-0.48530853858171374,0.6305703849974847,-0.07056434011614954,222
BayesRidge | core6 | clim=25%,17.059272956074164,11.484905413049841,-0.4853646889151033,0.6637050989538583,0.03626880197420945,222
Ridge(alpha=10) | core6 | clim=25%,17.06620124071696,11.484905413049841,-0.4859679402605541,0.607078817937026,0.06008891519693904,222
Ridge+KNN | core4 | clim=25%,17.073513699616164,11.484905413049841,-0.4866046419691197,0.6601091385276878,0.09629295013306916,222
Ridge+BayesRidge | core8 | clim=20%,17.086224800489347,11.484905413049841,-0.4877114077992275,0.6459769118169856,-0.05075805779423348,222
ElasticNet | core4 | clim=30%,17.092677584615114,11.484905413049841,-0.4882732569302124,0.6425304964662617,0.039130286030374606,222
Ridge+KNN | core6 | clim=20%,17.093581308010872,11.484905413049841,-0.48835194485695244,0.6474522664028431,-0.5929806449241894,222
Ridge(alpha=10) | core4 | clim=30%,17.117856887672694,11.484905413049841,-0.4904656392052089,0.6359450477682207,0.033107268219811914,222
Ridge+GBR | core8 | clim=0%,17.12311217417516,11.484905413049841,-0.4909232212499415,0.6050896446700367,0.14480076450935897,222
Ridge(alpha=500) | core6 | clim=25%,17.133592599472095,11.484905413049841,-0.49183576035409704,0.7652797946018335,0.023251744556819887,222
Ridge(alpha=100) | core8 | clim=20%,17.15228173336798,11.484905413049841,-0.4934630383528038,0.660869886878622,-0.03095177547231387,222
Ridge(alpha=200) | all | clim=0%,17.17381065191753,11.484905413049841,-0.495337578697306,0.5863805760746402,-0.02675278560846195,222
Ridge+RF+GBR | core6 | clim=0%,17.258163621516985,11.484905413049841,-0.5026822599607326,0.59658464824963,0.15787172995801768,222
Ridge(alpha=10) | all | clim=0%,17.267428768233763,11.484905413049841,-0.5034889837763463,0.620046942226182,-0.2892600451127123,222
Ridge(alpha=200) | core8 | clim=20%,17.39551097688032,11.484905413049841,-0.514641205239226,0.6907592653562251,-0.02055121211664357,222
Ridge(alpha=500) | core4 | clim=25%,17.44026922798119,11.484905413049841,-0.518538342350169,0.7731411166851276,0.03718224939590442,222
ensemble | core8 | clim=0%,17.444667686160567,11.484905413049841,-0.5189213196600544,0.6015928563573931,-0.8894412134525602,222
Ridge(alpha=200) | core4 | clim=25%,17.449922212853085,11.484905413049841,-0.5193788355475208,0.7044635106305862,0.042757239059145746,222
Ridge+KNN | all | clim=0%,17.461298887808926,11.484905413049841,-0.520369411834106,0.6035210331734983,-3.7112591907067607,222
Ridge(alpha=100) | core4 | clim=25%,17.515315494280614,11.484905413049841,-0.5250726814326794,0.6569601131125623,0.04440539126539633,222
Ridge+GBR | core6 | clim=0%,17.53827555008935,11.484905413049841,-0.5270718320554302,0.5708641629241797,0.0790058970048193,222
Ridge+BayesRidge | core4 | clim=25%,17.550212786445076,11.484905413049841,-0.5281112168763242,0.6649147905053016,0.04365852365701883,222
BayesRidge | core4 | clim=25%,17.590642700561812,11.484905413049841,-0.531631482186546,0.6726669386895424,0.04291165604863423,222
Ridge(alpha=50) | core4 | clim=25%,17.608580061264025,11.484905413049841,-0.5331933026854618,0.6207548427371026,0.043784699191913745,222
Ridge(alpha=50) | core6 | clim=20%,17.647682173110002,11.484905413049841,-0.5365979551784243,0.5836251679940311,0.04325166525019597,222
Ridge(alpha=100) | core6 | clim=20%,17.65898564562168,11.484905413049841,-0.5375821576690112,0.6073326281482592,0.034010219034975364,222
Ridge(alpha=200) | core6 | clim=20%,17.694537935004057,11.484905413049841,-0.5406777242499932,0.643884244118345,0.028325130784608632,222
Ridge+BayesRidge | core6 | clim=20%,17.694779038777217,11.484905413049841,-0.5406987173504576,0.604207638105401,0.036348470570398916,222
Ridge(alpha=500) | core8 | clim=20%,17.714550747750476,11.484905413049841,-0.5424202560364264,0.7465127800376523,-0.006347385670068206,222
ElasticNet | core6 | clim=20%,17.71544459235365,11.484905413049841,-0.542498083808709,0.5561793805044215,0.07150565954105303,222
Ridge+KNN | core4 | clim=20%,17.730578980064678,11.484905413049841,-0.5438158471830448,0.6001997812402555,0.10271248014194256,222
BayesRidge | core6 | clim=20%,17.73104847305023,11.484905413049841,-0.5438567263168876,0.6009607954025413,0.03868672210582602,222
Ridge(alpha=10) | core6 | clim=20%,17.750691277949294,11.484905413049841,-0.5455670412208959,0.5507942282088062,0.06409484287674161,222
ElasticNet | core4 | clim=25%,17.79201773039133,11.484905413049841,-0.5491653688479634,0.5793677343084372,0.04192530646111692,222
Ridge(alpha=500) | core6 | clim=20%,17.79802452539224,11.484905413049841,-0.5496883853452597,0.7161962631628049,0.024801860860609537,222
Ridge(alpha=10) | core4 | clim=25%,17.82058030566467,11.484905413049841,-0.551652335370203,0.5724008113346924,0.03547207309265232,222
Ridge+RF | core8 | clim=0%,17.868495970709084,11.484905413049841,-0.5558243910660181,0.5780974640946778,0.13065599420357543,222
ensemble | core6 | clim=0%,17.88840012502572,11.484905413049841,-0.5575574618751185,0.5579565047387401,-0.5980388162619121,222
Ridge(alpha=500) | all | clim=0%,17.997360215074796,11.484905413049841,-0.5670447050112499,0.5433909371681429,0.009108928991402365,222
Ridge(alpha=500) | core4 | clim=20%,18.120650449636848,11.484905413049841,-0.5777796854162225,0.7270633546832912,0.039661066022297575,222
Ridge(alpha=200) | core4 | clim=20%,18.135104182774548,11.484905413049841,-0.579038183646541,0.6391069348323665,0.04560772166308169,222
Ridge(alpha=100) | core4 | clim=20%,18.208212188282186,11.484905413049841,-0.5854037567948029,0.5853506781552402,0.04736575068309179,222
Ridge+BayesRidge | core4 | clim=20%,18.24419592202409,11.484905413049841,-0.5885368895849972,0.5930085056884663,0.04656909190081748,222
BayesRidge | core4 | clim=20%,18.286240112561707,11.484905413049841,-0.592197711248347,0.6005682178797006,0.04577243311854318,222
Ridge(alpha=50) | core4 | clim=20%,18.310956112749746,11.484905413049841,-0.5943497533679063,0.5469765893288617,0.04670367913804796,222
Ridge+RF | core6 | clim=0%,18.364805219576297,11.484905413049841,-0.599038438636952,0.5227008807667909,0.17905808482907304,222
ElasticNet | core4 | clim=20%,18.511584088197196,11.484905413049841,-0.6118185934002747,0.5044424172319407,0.04472032689185923,222
Ridge(alpha=10) | core4 | clim=20%,18.543578168501615,11.484905413049841,-0.6146043438399835,0.4977615881457075,0.03783687796549273,222
Ridge+RF+GBR+XGB | core4 | clim=0%,18.548472941679723,11.484905413049841,-0.6150305356980852,0.4824333610705895,0.42794287618991333,222
Ridge+RF+GBR | core4 | clim=0%,18.73805319862024,11.484905413049841,-0.6315374419478401,0.47058712323998814,0.3650829595726037,222
Ridge+GBR | core4 | clim=0%,18.86941402324532,11.484905413049841,-0.6429751351547706,0.45567060770203244,0.3969003713494246,222
ensemble | core4 | clim=0%,19.12699796714613,11.484905413049841,-0.6654031774099667,0.43653781537011627,-0.3005015237934643,222
Ridge+KNN | core8 | clim=0%,19.387422222530137,11.484905413049841,-0.6880785278824308,0.42093495722118074,-1.8403383025825235,222
Ridge+RF | core4 | clim=0%,19.571698134062952,11.484905413049841,-0.7041235804889094,0.39159752806805426,0.18032766218641427,222
Ridge+KNN | core6 | clim=0%,19.674870315457998,11.484905413049841,-0.7131068657389399,0.3695431489093251,-0.741225806155235,222
Ridge(alpha=50) | core8 | clim=0%,19.805739632884062,11.484905413049841,-0.7245017630166626,0.3578703799758856,-0.047244504747400384,222
ElasticNet | core8 | clim=0%,19.811112973054833,11.484905413049841,-0.7249696240897425,0.3824982845722167,-0.036126399977504775,222
Ridge(alpha=10) | core8 | clim=0%,19.860625316054062,11.484905413049841,-0.729280703826017,0.38393329680547666,-0.051625575270144,222
Ridge+BayesRidge | core8 | clim=0%,19.917129589252543,11.484905413049841,-0.734200576577801,0.3406519134256364,-0.06344757224279363,222
BayesRidge | core8 | clim=0%,19.918631732692283,11.484905413049841,-0.7343313694216005,0.34676639776566925,-0.08820542514518692,222
Ridge(alpha=100) | core8 | clim=0%,19.96731783988331,11.484905413049841,-0.7385705081380334,0.3311565607479633,-0.03868971934040033,222
Ridge(alpha=200) | core8 | clim=0%,20.206504920341132,11.484905413049841,-0.7593967206191603,0.29700621674058736,-0.025689015145811567,222
Ridge(alpha=100) | core6 | clim=0%,20.495822053803856,11.484905413049841,-0.7845877973461819,0.26169892584816323,0.04251277379371743,222
Ridge(alpha=50) | core6 | clim=0%,20.500381944217335,11.484905413049841,-0.7849848306912102,0.27610190898868453,0.05406458156275207,222
Ridge(alpha=200) | core6 | clim=0%,20.518743115399776,11.484905413049841,-0.7865835527112957,0.2465675656875924,0.03540641348075724,222
Ridge+KNN | core4 | clim=0%,20.521530749652662,11.484905413049841,-0.7868262742795307,0.25623615063506566,0.12839060017742554,222
Ridge(alpha=500) | core8 | clim=0%,20.53936673375339,11.484905413049841,-0.7883792678357913,0.24769871301251986,-0.00793423208758881,222
Ridge+BayesRidge | core6 | clim=0%,20.541154158772777,11.484905413049841,-0.788534900377384,0.25550631695729376,0.04543558821299598,222
BayesRidge | core6 | clim=0%,20.587124306066062,11.484905413049841,-0.7925375582696339,0.24921877918323154,0.04835840263227453,222
ElasticNet | core6 | clim=0%,20.61470516266543,11.484905413049841,-0.7949390457531988,0.2916130768116158,0.08938207442631452,222
Ridge(alpha=500) | core6 | clim=0%,20.61914386456518,11.484905413049841,-0.7953255271163546,0.22592757391456225,0.03100232607576814,222
Ridge(alpha=10) | core6 | clim=0%,20.662156892196737,11.484905413049841,-0.7990707062087905,0.2928501690497793,0.0801185535959199,222
Ridge(alpha=500) | core4 | clim=0%,21.00063411452352,11.484905413049841,-0.8285421916197355,0.12452155082943282,0.0495763325278773,222
Ridge(alpha=200) | core4 | clim=0%,21.035816829749592,11.484905413049841,-0.8316055790801229,0.1393534561818607,0.05700965207885389,222
Ridge(alpha=100) | core4 | clim=0%,21.14041481982604,11.484905413049841,-0.8407130106448268,0.14408929035561052,0.05920718835386651,222
Ridge+BayesRidge | core4 | clim=0%,21.17991660565246,11.484905413049841,-0.8441524630744075,0.12914692528210522,0.05821136487601919,222
BayesRidge | core4 | clim=0%,21.227597763703795,11.484905413049841,-0.8483041000567335,0.1120405920483822,0.05721554139817897,222
Ridge(alpha=50) | core4 | clim=0%,21.281374311517048,11.484905413049841,-0.8529864675538268,0.14522654639334198,0.05837959892255995,222
ElasticNet | core4 | clim=0%,21.55077664230566,11.484905413049841,-0.8764435463106532,0.1389604237605848,0.05590040861482137,222
Ridge(alpha=10) | core4 | clim=0%,21.596773724400062,11.484905413049841,-0.8804485494378131,0.14050080769058843,0.04729609745686858,222
Ridge(alpha=50) | core10 | clim=35%,,,-999.0,,,0
BayesRidge | core10 | clim=25%,,,-999.0,,,0
Ridge(alpha=200) | core10 | clim=35%,,,-999.0,,,0
Ridge(alpha=500) | core10 | clim=35%,,,-999.0,,,0
Ridge(alpha=10) | core10 | clim=40%,,,-999.0,,,0
Ridge(alpha=50) | core10 | clim=40%,,,-999.0,,,0
Ridge(alpha=100) | core10 | clim=40%,,,-999.0,,,0
Ridge(alpha=200) | core10 | clim=40%,,,-999.0,,,0
Ridge(alpha=500) | core10 | clim=40%,,,-999.0,,,0
Ridge(alpha=10) | core10 | clim=50%,,,-999.0,,,0
Ridge(alpha=50) | core10 | clim=50%,,,-999.0,,,0
Ridge(alpha=100) | core10 | clim=50%,,,-999.0,,,0
Ridge(alpha=200) | core10 | clim=50%,,,-999.0,,,0
Ridge(alpha=500) | core10 | clim=50%,,,-999.0,,,0
Ridge(alpha=10) | core10 | clim=60%,,,-999.0,,,0
Ridge(alpha=50) | core10 | clim=60%,,,-999.0,,,0
Ridge(alpha=100) | core10 | clim=60%,,,-999.0,,,0
Ridge(alpha=200) | core10 | clim=60%,,,-999.0,,,0
Ridge(alpha=500) | core10 | clim=60%,,,-999.0,,,0
BayesRidge | core10 | clim=0%,,,-999.0,,,0
BayesRidge | core10 | clim=20%,,,-999.0,,,0
Ridge(alpha=100) | core10 | clim=35%,,,-999.0,,,0
Ridge(alpha=50) | core10 | clim=25%,,,-999.0,,,0
Ridge(alpha=10) | core10 | clim=35%,,,-999.0,,,0
Ridge(alpha=500) | core10 | clim=30%,,,-999.0,,,0
Ridge(alpha=10) | core10 | clim=0%,,,-999.0,,,0
Ridge(alpha=50) | core10 | clim=0%,,,-999.0,,,0
Ridge(alpha=100) | core10 | clim=0%,,,-999.0,,,0
Ridge(alpha=200) | core10 | clim=0%,,,-999.0,,,0
Ridge(alpha=500) | core10 | clim=0%,,,-999.0,,,0
Ridge(alpha=10) | core10 | clim=20%,,,-999.0,,,0
Ridge(alpha=50) | core10 | clim=20%,,,-999.0,,,0
Ridge(alpha=100) | core10 | clim=20%,,,-999.0,,,0
Ridge(alpha=200) | core10 | clim=20%,,,-999.0,,,0
Ridge(alpha=500) | core10 | clim=20%,,,-999.0,,,0
Ridge(alpha=10) | core10 | clim=25%,,,-999.0,,,0
BayesRidge | core10 | clim=35%,,,-999.0,,,0
Ridge(alpha=100) | core10 | clim=25%,,,-999.0,,,0
Ridge(alpha=200) | core10 | clim=25%,,,-999.0,,,0
Ridge(alpha=500) | core10 | clim=25%,,,-999.0,,,0
Ridge(alpha=10) | core10 | clim=30%,,,-999.0,,,0
Ridge(alpha=50) | core10 | clim=30%,,,-999.0,,,0
Ridge(alpha=100) | core10 | clim=30%,,,-999.0,,,0
Ridge(alpha=200) | core10 | clim=30%,,,-999.0,,,0
BayesRidge | core10 | clim=30%,,,-999.0,,,0
Ridge+RF+GBR | core10 | clim=30%,,,-999.0,,,0
Ridge+RF+GBR | core10 | clim=35%,,,-999.0,,,0
ensemble | core10 | clim=35%,,,-999.0,,,0
Ridge+KNN | core10 | clim=0%,,,-999.0,,,0
Ridge+KNN | core10 | clim=20%,,,-999.0,,,0
Ridge+KNN | core10 | clim=25%,,,-999.0,,,0
Ridge+KNN | core10 | clim=30%,,,-999.0,,,0
Ridge+KNN | core10 | clim=35%,,,-999.0,,,0
Ridge+KNN | core10 | clim=40%,,,-999.0,,,0
Ridge+KNN | core10 | clim=50%,,,-999.0,,,0
Ridge+KNN | core10 | clim=60%,,,-999.0,,,0
Ridge+RF+GBR | core10 | clim=0%,,,-999.0,,,0
Ridge+RF+GBR | core10 | clim=20%,,,-999.0,,,0
Ridge+RF+GBR | core10 | clim=25%,,,-999.0,,,0
ensemble | core10 | clim=60%,,,-999.0,,,0
ensemble | core10 | clim=50%,,,-999.0,,,0
ensemble | core10 | clim=40%,,,-999.0,,,0
ensemble | core10 | clim=30%,,,-999.0,,,0
BayesRidge | core10 | clim=50%,,,-999.0,,,0
ensemble | core10 | clim=25%,,,-999.0,,,0
ensemble | core10 | clim=20%,,,-999.0,,,0
ensemble | core10 | clim=0%,,,-999.0,,,0
Ridge+RF+GBR+XGB | core10 | clim=60%,,,-999.0,,,0
Ridge+RF+GBR+XGB | core10 | clim=50%,,,-999.0,,,0
Ridge+RF+GBR+XGB | core10 | clim=40%,,,-999.0,,,0
Ridge+RF+GBR+XGB | core10 | clim=35%,,,-999.0,,,0
Ridge+RF+GBR+XGB | core10 | clim=30%,,,-999.0,,,0
Ridge+RF+GBR+XGB | core10 | clim=25%,,,-999.0,,,0
Ridge+RF+GBR+XGB | core10 | clim=20%,,,-999.0,,,0
Ridge+RF+GBR+XGB | core10 | clim=0%,,,-999.0,,,0
Ridge+RF+GBR | core10 | clim=60%,,,-999.0,,,0
Ridge+RF+GBR | core10 | clim=50%,,,-999.0,,,0
Ridge+RF+GBR | core10 | clim=40%,,,-999.0,,,0
Ridge+GBR | core10 | clim=60%,,,-999.0,,,0
Ridge+GBR | core10 | clim=50%,,,-999.0,,,0
Ridge+GBR | core10 | clim=40%,,,-999.0,,,0
Ridge+GBR | core10 | clim=35%,,,-999.0,,,0
BayesRidge | core10 | clim=60%,,,-999.0,,,0
ElasticNet | core10 | clim=0%,,,-999.0,,,0
ElasticNet | core10 | clim=20%,,,-999.0,,,0
ElasticNet | core10 | clim=25%,,,-999.0,,,0
ElasticNet | core10 | clim=30%,,,-999.0,,,0
ElasticNet | core10 | clim=35%,,,-999.0,,,0
ElasticNet | core10 | clim=40%,,,-999.0,,,0
ElasticNet | core10 | clim=50%,,,-999.0,,,0
ElasticNet | core10 | clim=60%,,,-999.0,,,0
Ridge+BayesRidge | core10 | clim=0%,,,-999.0,,,0
Ridge+BayesRidge | core10 | clim=20%,,,-999.0,,,0
Ridge+BayesRidge | core10 | clim=25%,,,-999.0,,,0
Ridge+BayesRidge | core10 | clim=30%,,,-999.0,,,0
Ridge+BayesRidge | core10 | clim=35%,,,-999.0,,,0
Ridge+BayesRidge | core10 | clim=40%,,,-999.0,,,0
Ridge+BayesRidge | core10 | clim=50%,,,-999.0,,,0
Ridge+BayesRidge | core10 | clim=60%,,,-999.0,,,0
Ridge+RF | core10 | clim=0%,,,-999.0,,,0
Ridge+RF | core10 | clim=20%,,,-999.0,,,0
Ridge+RF | core10 | clim=25%,,,-999.0,,,0
Ridge+RF | core10 | clim=30%,,,-999.0,,,0
Ridge+RF | core10 | clim=35%,,,-999.0,,,0
Ridge+RF | core10 | clim=40%,,,-999.0,,,0
Ridge+RF | core10 | clim=50%,,,-999.0,,,0
Ridge+RF | core10 | clim=60%,,,-999.0,,,0
Ridge+GBR | core10 | clim=0%,,,-999.0,,,0
Ridge+GBR | core10 | clim=20%,,,-999.0,,,0
Ridge+GBR | core10 | clim=25%,,,-999.0,,,0
Ridge+GBR | core10 | clim=30%,,,-999.0,,,0
BayesRidge | core10 | clim=40%,,,-999.0,,,0
